{
    "tar2018": [
        {
            "name": "#manual-approach-src",
            "Precision": [
                0.0217,
                null
            ],
            "F1": [
                0.0407,
                null
            ],
            "F3": [
                0.1439,
                null
            ],
            "Recall": [
                0.9338,
                null
            ],
            "\\#Rules": [
                1.0,
                0
            ],
            "\\#ANDs": [
                10.266666666666667,
                6.329823588905671
            ],
            "\\#ORs": [
                66.8,
                35.83533770695385
            ],
            "\\#NOTs": [
                0.5333333333333333,
                0.8338093878327919
            ],
            "\\#Ops": [
                77.6,
                40.53182171366803
            ]
        },
        [
            "#conceptional-approach-src",
            0.0021,
            0.0037,
            0.0114,
            0.6286,
            null
        ],
        [
            "#objective-approach-src",
            0.0002,
            0.0005,
            0.0022,
            0.878,
            null
        ],
        [
            "#chatgpt-approach-src",
            0.0752,
            0.0642,
            0.0847,
            0.5035,
            null
        ],
        {
            "name": "#fine-tuned-llm-approach-src",
            "Precision": [
                0.0499,
                null
            ],
            "F1": null,
            "F3": [
                0.2401,
                null
            ],
            "Recall": [
                0.8387,
                null
            ]
        },
        [
            "#semantic-approach-src",
            0.0236,
            0.0458,
            0.1872,
            0.8159,
            null
        ],
        {
            "name": "#fine-tuned-llm-approach-repr-src",
            "Precision": [
                0.05062965798491815,
                0.05829922833576072
            ],
            "F1": [
                0.08446936787476564,
                0.0841029833458488
            ],
            "F3": [
                0.23023431817580836,
                0.16096876132428117
            ],
            "Recall": [
                0.7564615834795878,
                0.22460047114946013
            ],
            "\\#Ops": [
                15.689655172413794,
                3.827564017154869
            ],
            "\\#ANDs": [
                2.2413793103448274,
                0.6355634403421166
            ],
            "\\#ORs": [
                13.448275862068966,
                3.4804167124944736
            ],
            "\\#NOTs": [
                0.0,
                0.0
            ],
            "\\#Rules": [
                1.0,
                0.0
            ]
        },
        {
            "name": "#no_Ors",
            "Precision": [
                0.017895599175257827,
                0.018535882999719176
            ],
            "F1": [
                0.03411901866887737,
                0.03345359065782279
            ],
            "F3": [
                0.13022101205334466,
                0.10366918307247991
            ],
            "Recall": [
                0.8555193197884001,
                0.14877794869319322
            ],
            "\\#Ops": [
                10.207142857142857,
                3.3940627658267806
            ],
            "\\#ANDs": [
                5.989285714285714,
                2.2631280546866726
            ],
            "\\#ORs": [
                4.0285714285714285,
                1.261181429069668
            ],
            "\\#NOTs": [
                0.18928571428571428,
                0.41894156247631636
            ],
            "\\#Rules": [
                5.0285714285714285,
                1.261181429069668
            ]
        },
        {
            "name": "#no_variation",
            "Precision": [
                0.015551699099956106,
                0.014128529392684873
            ],
            "F1": [
                0.030076725219694,
                0.02660626237565956
            ],
            "F3": [
                0.12122236073236943,
                0.09249501826802972
            ],
            "Recall": [
                0.8934525419989482,
                0.11728652871825908
            ],
            "\\#Ops": [
                24.16896551724138,
                8.44455162891078
            ],
            "\\#ANDs": [
                5.196551724137931,
                1.644742648461545
            ],
            "\\#ORs": [
                18.748275862068965,
                7.407707605268939
            ],
            "\\#NOTs": [
                0.22413793103448276,
                0.4177341851241171
            ],
            "\\#Rules": [
                2.617241379310345,
                0.7859356117552382
            ]
        },
        {
            "name": "#random_forest",
            "Precision": [
                0.018667825009318142,
                0.021575120294156272
            ],
            "F1": [
                0.035306942448978446,
                0.038184568109479705
            ],
            "F3": [
                0.13116524371248783,
                0.1102118242414835
            ],
            "Recall": [
                0.8544393048085508,
                0.1449114121079324
            ],
            "\\#Ops": [
                13.251724137931035,
                4.665497350676895
            ],
            "\\#ANDs": [
                6.379310344827586,
                2.5083085893640336
            ],
            "\\#ORs": [
                3.8413793103448275,
                1.281628840727145
            ],
            "\\#NOTs": [
                3.0310344827586206,
                1.5256976277762186
            ],
            "\\#Rules": [
                4.841379310344828,
                1.281628840727145
            ]
        },
        {
            "name": "#exact_match",
            "Precision": [
                0.026807958878885766,
                0.022078196054577805
            ],
            "F1": [
                0.05041705275459042,
                0.039508300948288166
            ],
            "F3": [
                0.17803513430299595,
                0.11104830410468801
            ],
            "Recall": [
                0.7580079274962966,
                0.2307103101428469
            ],
            "\\#Ops": [
                75.5896551724138,
                30.812984779513833
            ],
            "\\#ANDs": [
                5.341379310344828,
                1.6079424926837618
            ],
            "\\#ORs": [
                70.0,
                29.858953320999138
            ],
            "\\#NOTs": [
                0.2482758620689655,
                0.44068261743746817
            ],
            "\\#Rules": [
                2.7551724137931033,
                0.7478162935674438
            ]
        },
        {
            "name": "#no_rule_pruning",
            "Precision": [
                0.01238009556333631,
                0.01202782654181729
            ],
            "F1": [
                0.02406017761973817,
                0.02272679515361159
            ],
            "F3": [
                0.09991536019446812,
                0.08100190034484109
            ],
            "Recall": [
                0.8859266106908136,
                0.14268049634577312
            ],
            "\\#Ops": [
                32.796551724137935,
                8.166306961113358
            ],
            "\\#ANDs": [
                3.7482758620689656,
                1.3927942812188623
            ],
            "\\#ORs": [
                28.47586206896552,
                7.589906572561823
            ],