{
    "tar2018": [
        {
            "name": "Manual",
            "Precision": [
                0.0217,
                null
            ],
            "F1": [
                0.0407,
                null
            ],
            "F3": [
                0.1439,
                null
            ],
            "Recall": [
                0.9338,
                null
            ],
            "\\#Rules": [
                1.0,
                0
            ],
            "\\#ANDs": [
                10.266666666666667,
                6.329823588905671
            ],
            "\\#ORs": [
                66.8,
                35.83533770695385
            ],
            "\\#NOTs": [
                0.5333333333333333,
                0.8338093878327919
            ],
            "\\#Ops": [
                77.6,
                40.53182171366803
            ]
        },
        [
            "Conceptual",
            0.0021,
            0.0037,
            0.0114,
            0.6286,
            null
        ],
        [
            "Objective",
            0.0002,
            0.0005,
            0.0022,
            0.878,
            null
        ],
        [
            "ChatGPT",
            0.0752,
            0.0642,
            0.0847,
            0.5035,
            null
        ],
        {
            "name": "Fine-Tuned LLM",
            "Precision": [
                0.0499,
                null
            ],
            "F1": null,
            "F3": [
                0.2401,
                null
            ],
            "Recall": [
                0.8387,
                null
            ]
        },
        [
            "Semantic",
            0.0236,
            0.0458,
            0.1872,
            0.8159,
            null
        ],
        {
            "name": "Fine-Tuned LLM (self-evaluation)",
            "Precision": [
                0.05062965798491815,
                0.05829922833576072
            ],
            "F1": [
                0.08446936787476564,
                0.0841029833458488
            ],
            "F3": [
                0.23023431817580836,
                0.16096876132428117
            ],
            "Recall": [
                0.7564615834795878,
                0.22460047114946013
            ],
            "\\#Ops": [
                15.689655172413794,
                3.827564017154869
            ],
            "\\#Rules": [
                1.0,
                0.0
            ],
            "\\#ANDs": [
                2.2413793103448274,
                0.6355634403421166
            ],
            "\\#ORs": [
                13.448275862068966,
                3.4804167124944736
            ],
            "\\#NOTs": [
                0.0,
                0.0
            ]
        },
        {
            "name": "DNF",
            "Precision": [
                0.017290516695296288,
                0.018492630466545
            ],
            "F1": [
                0.03296650614004901,
                0.03343260006452729
            ],
            "F3": [
                0.12585030281342557,
                0.104461276922034
            ],
            "Recall": [
                0.8582749663772878,
                0.14692645931721826
            ],
            "\\#Ops": [
                10.39655172413793,
                3.51240833185763
            ],
            "\\#Rules": [
                5.093103448275862,
                1.2974371955738961
            ],
            "\\#ANDs": [
                6.086206896551724,
                2.3000261978244763
            ],
            "\\#ORs": [
                4.093103448275862,
                1.2974371955738961
            ],
            "\\#NOTs": [
                0.21724137931034482,
                0.4374896661298519
            ]
        },
        {
            "name": "No Rule Variations",
            "Precision": [
                0.01550917720216347,
                0.01417081056058941
            ],
            "F1": [
                0.02999195948340732,
                0.026692518476741374
            ],
            "F3": [
                0.12080935066322782,
                0.09297013843207756
            ],
            "Recall": [
                0.8937783633402464,
                0.11739098097922807
            ],
            "\\#Ops": [
                24.120689655172413,
                8.429798821635604
            ],
            "\\#Rules": [
                2.6379310344827585,
                0.7957124696318677
            ],
            "\\#ANDs": [
                5.186206896551724,
                1.6364625825344488
            ],
            "\\#ORs": [
                18.70344827586207,
                7.3941191800560295
            ],
            "\\#NOTs": [
                0.23103448275862068,
                0.43034021165673403
            ]
        },
        {
            "name": "Random Forest",
            "Precision": [
                0.0186613140184458,
                0.021580383166585747
            ],
            "F1": [
                0.035293956343218164,
                0.03819573924721683
            ],
            "F3": [
                0.13110171730181777,
                0.11028036696305303
            ],
            "Recall": [
                0.8544121530301093,
                0.14489810536197067
            ],
            "\\#Ops": [
                13.251724137931035,
                4.665497350676895
            ],
            "\\#Rules": [
                4.841379310344828,
                1.281628840727145
            ],
            "\\#ANDs": [
                6.375862068965517,
                2.505379012195566
            ],
            "\\#ORs": [
                3.8413793103448275,
                1.281628840727145
            ],
            "\\#NOTs": [
                3.0344827586206895,
                1.5267569406284254
            ]
        }
    ],
    "tar2019": [],
    "sr_updates": [],
    "sigir2017": []
}