{
    "tar2018": [
        {
            "name": "Manual",
            "Precision": [
                0.0217,
                null
            ],
            "F1": [
                0.0407,
                null
            ],
            "F3": [
                0.1439,
                null
            ],
            "Recall": [
                0.9338,
                null
            ],
            "\\#Rules": [
                1.0,
                0
            ],
            "\\#ANDs": [
                10.266666666666667,
                6.329823588905671
            ],
            "\\#ORs": [
                66.8,
                35.83533770695385
            ],
            "\\#NOTs": [
                0.5333333333333333,
                0.8338093878327919
            ],
            "\\#Ops": [
                77.6,
                40.53182171366803
            ]
        },
        [
            "Conceptual",
            0.0021,
            0.0037,
            0.0114,
            0.6286,
            null
        ],
        [
            "Objective",
            0.0002,
            0.0005,
            0.0022,
            0.878,
            null
        ],
        [
            "ChatGPT",
            0.0752,
            0.0642,
            0.0847,
            0.5035,
            null
        ],
        {
            "name": "Fine-Tuned LLM",
            "Precision": [
                0.0499,
                null
            ],
            "F1": null,
            "F3": [
                0.2401,
                null
            ],
            "Recall": [
                0.8387,
                null
            ]
        },
        [
            "Semantic",
            0.0236,
            0.0458,
            0.1872,
            0.8159,
            null
        ],
        {
            "name": "DNF",
            "Precision": [
                0.01684829776206469,
                0.01738499570947933
            ],
            "F1": [
                0.03233810793268164,
                0.03235842770717506
            ],
            "F3": [
                0.12527949144998252,
                0.10485362404360747
            ],
            "Recall": [
                0.8547980466509351,
                0.15014231814393103
            ],
            "\\#Ops": [
                9.793103448275861,
                3.619188053623034
            ],
            "\\#Rules": [
                4.931034482758621,
                1.360961699963843
            ],
            "\\#ANDs": [
                5.655172413793103,
                2.272127103917094
            ],
            "\\#ORs": [
                3.9310344827586206,
                1.360961699963843
            ],
            "\\#NOTs": [
                0.20689655172413793,
                0.4913036844405175
            ]
        },
        {
            "name": "No Rule Variations",
            "Precision": [
                0.014165475268702574,
                0.013176154585511983
            ],
            "F1": [
                0.027504304209258788,
                0.02509119964053754
            ],
            "F3": [
                0.11294125561149462,
                0.09102157020752029
            ],
            "Recall": [
                0.90796071527523,
                0.11244387782056606
            ],
            "\\#Ops": [
                23.137931034482758,
                9.206845814513064
            ],
            "\\#Rules": [
                2.689655172413793,
                0.8063785124981439
            ],
            "\\#ANDs": [
                5.206896551724138,
                1.589683489270463
            ],
            "\\#ORs": [
                17.689655172413794,
                8.198882538300404
            ],
            "\\#NOTs": [
                0.2413793103448276,
                0.43549417035569266
            ]
        },
        {
            "name": "Random Forest",
            "Precision": [
                0.01842602347223579,
                0.01920941277466335
            ],
            "F1": [
                0.03525952905974921,
                0.035432717188945875
            ],
            "F3": [
                0.13489879265473168,
                0.11070667834428932
            ],
            "Recall": [
                0.8500982979484856,
                0.15159872247248862
            ],
            "\\#Ops": [
                13.172413793103448,
                4.276755825867157
            ],
            "\\#Rules": [
                4.827586206896552,
                1.1670771035014103
            ],
            "\\#ANDs": [
                6.275862068965517,
                2.250342064857473
            ],
            "\\#ORs": [
                3.8275862068965516,
                1.1670771035014103
            ],
            "\\#NOTs": [
                3.0689655172413794,
                1.4375334650206189
            ]
        }
    ],
    "tar2019": [],
    "sr_updates": [],
    "sigir2017": []
}