{
    "tar2018": [
        {
            "name": "Manual",
            "Precision": [
                0.0217,
                null
            ],
            "F1": [
                0.0407,
                null
            ],
            "F3": [
                0.1439,
                null
            ],
            "Recall": [
                0.9338,
                null
            ],
            "\\#Rules": [
                1.0,
                0
            ],
            "\\#ANDs": [
                10.266666666666667,
                6.329823588905671
            ],
            "\\#ORs": [
                66.8,
                35.83533770695385
            ],
            "\\#NOTs": [
                0.5333333333333333,
                0.8338093878327919
            ],
            "\\#Ops": [
                77.6,
                40.53182171366803
            ]
        },
        [
            "Conceptual",
            0.0021,
            0.0037,
            0.0114,
            0.6286,
            null
        ],
        [
            "Objective",
            0.0002,
            0.0005,
            0.0022,
            0.878,
            null
        ],
        [
            "ChatGPT",
            0.0752,
            0.0642,
            0.0847,
            0.5035,
            null
        ],
        [
            "Semantic",
            0.0236,
            0.0458,
            0.1872,
            0.8159,
            null
        ],
        {
            "name": "#algo-name-short\\-no\\-ORs",
            "Precision": [
                0.019984469458064525,
                0.030421536887950233
            ],
            "F1": [
                0.03652361157475331,
                0.04991710416612623
            ],
            "F3": [
                0.12523474538827611,
                0.12034608339782614
            ],
            "Recall": [
                0.8547152238626207,
                0.1495679526671602
            ],
            "\\#Ops": [
                10.586206896551724,
                3.4175726701366607
            ],
            "\\#Rules": [
                5.206896551724138,
                1.3464055413482965
            ],
            "\\#ANDs": [
                6.172413793103448,
                2.0885566704107505
            ],
            "\\#ORs": [
                4.206896551724138,
                1.3464055413482965
            ],
            "\\#NOTs": [
                0.20689655172413793,
                0.4122508203948855
            ]
        }
    ],
    "tar2019": [],
    "sr_updates": [],
    "sigir2017": []
}