{
    "tar2018": [
        {
            "name": "Manual",
            "Precision": [
                0.0217,
                null
            ],
            "F1": [
                0.0407,
                null
            ],
            "F3": [
                0.1439,
                null
            ],
            "Recall": [
                0.9338,
                null
            ],
            "\\#Rules": [
                1.0,
                0
            ],
            "\\#ANDs": [
                10.266666666666667,
                6.329823588905671
            ],
            "\\#ORs": [
                66.8,
                35.83533770695385
            ],
            "\\#NOTs": [
                0.5333333333333333,
                0.8338093878327919
            ],
            "\\#Ops": [
                77.6,
                40.53182171366803
            ]
        },
        [
            "Conceptual",
            0.0021,
            0.0037,
            0.0114,
            0.6286,
            null
        ],
        [
            "Objective",
            0.0002,
            0.0005,
            0.0022,
            0.878,
            null
        ],
        [
            "ChatGPT",
            0.0752,
            0.0642,
            0.0847,
            0.5035,
            null
        ],
        {
            "name": "Fine-Tuned LLM",
            "Precision": [
                0.0499,
                null
            ],
            "F1": null,
            "F3": [
                0.2401,
                null
            ],
            "Recall": [
                0.8387,
                null
            ]
        },
        [
            "Semantic",
            0.0236,
            0.0458,
            0.1872,
            0.8159,
            null
        ],
        {
            "name": "Fine-Tuned LLM (self-evaluation)",
            "Precision": [
                0.05062965798491815,
                0.05829922833576072
            ],
            "F1": [
                0.08446936787476564,
                0.0841029833458488
            ],
            "F3": [
                0.23023431817580836,
                0.16096876132428117
            ],
            "Recall": [
                0.7564615834795878,
                0.22460047114946013
            ],
            "\\#Ops": [
                15.689655172413794,
                3.827564017154869
            ],
            "\\#Rules": [
                1.0,
                0.0
            ],
            "\\#ANDs": [
                2.2413793103448274,
                0.6355634403421166
            ],
            "\\#ORs": [
                13.448275862068966,
                3.4804167124944736
            ],
            "\\#NOTs": [
                0.0,
                0.0
            ]
        },
        {
            "name": "DNF",
            "Precision": [
                0.017895599175257827,
                0.018535882999719176
            ],
            "F1": [
                0.03411901866887737,
                0.03345359065782279
            ],
            "F3": [
                0.13022101205334466,
                0.10366918307247991
            ],
            "Recall": [
                0.8555193197884001,
                0.14877794869319322
            ],
            "\\#Ops": [
                10.207142857142857,
                3.3940627658267806
            ],
            "\\#Rules": [
                5.0285714285714285,
                1.261181429069668
            ],
            "\\#ANDs": [
                5.989285714285714,
                2.2631280546866726
            ],
            "\\#ORs": [
                4.0285714285714285,
                1.261181429069668
            ],
            "\\#NOTs": [
                0.18928571428571428,
                0.41894156247631636
            ]
        },
        {
            "name": "No Rule Variations",
            "Precision": [
                0.015829458900623157,
                0.014145451438953014
            ],
            "F1": [
                0.030610843946635793,
                0.026627399359474436
            ],
            "F3": [
                0.12328813638540889,
                0.09235081045462055
            ],
            "Recall": [
                0.8927541621886788,
                0.11840190108500674
            ],
            "\\#Ops": [
                24.003521126760564,
                8.417337920260957
            ],
            "\\#Rules": [
                2.6161971830985915,
                0.7867396895246286
            ],
            "\\#ANDs": [
                5.186619718309859,
                1.646400029242061
            ],
            "\\#ORs": [
                18.60211267605634,
                7.383976236518113
            ],
            "\\#NOTs": [
                0.2147887323943662,
                0.4114006383607312
            ]
        },
        {
            "name": "Random Forest",
            "Precision": [
                0.01872471235643017,
                0.021590746579987857
            ],
            "F1": [
                0.03541373425789675,
                0.03820739677644785
            ],
            "F3": [
                0.1315436583971256,
                0.11021411225462338
            ],
            "Recall": [
                0.8541808461460623,
                0.14509580330065777
            ],
            "\\#Ops": [
                13.238754325259515,
                4.668350124760462
            ],
            "\\#Rules": [
                4.837370242214533,
                1.2820291010413745
            ],
            "\\#ANDs": [
                6.370242214532872,
                2.5078931528532893
            ],
            "\\#ORs": [
                3.837370242214533,
                1.2820291010413745
            ],
            "\\#NOTs": [
                3.0311418685121105,
                1.5283430152176416
            ]
        }
    ],
    "tar2019": [],
    "sr_updates": [],
    "sigir2017": []
}