{
    "tar2018": [
        {
            "name": "Manual",
            "Precision": [
                0.0217,
                null
            ],
            "F1": [
                0.0407,
                null
            ],
            "F3": [
                0.1439,
                null
            ],
            "Recall": [
                0.9338,
                null
            ],
            "\\#Rules": [
                1.0,
                0
            ],
            "\\#ANDs": [
                10.266666666666667,
                6.329823588905671
            ],
            "\\#ORs": [
                66.8,
                35.83533770695385
            ],
            "\\#NOTs": [
                0.5333333333333333,
                0.8338093878327919
            ],
            "\\#Ops": [
                77.6,
                40.53182171366803
            ]
        },
        [
            "Conceptual",
            0.0021,
            0.0037,
            0.0114,
            0.6286,
            null
        ],
        [
            "Objective",
            0.0002,
            0.0005,
            0.0022,
            0.878,
            null
        ],
        [
            "ChatGPT",
            0.0752,
            0.0642,
            0.0847,
            0.5035,
            null
        ],
        [
            "Semantic",
            0.0236,
            0.0458,
            0.1872,
            0.8159,
            null
        ],
        {
            "name": "#algo-name-short\\-no_Ors",
            "Precision": [
                0.02006233444414301,
                0.026832741682455336
            ],
            "F1": [
                0.03683482984294507,
                0.044289459729572385
            ],
            "F3": [
                0.12868899274444093,
                0.11323436512320482
            ],
            "Recall": [
                0.8465927407564893,
                0.15824391868023696
            ],
            "\\#Ops": [
                10.0,
                3.854496446637726
            ],
            "\\#Rules": [
                5.0,
                1.558387444947959
            ],
            "\\#ANDs": [
                5.793103448275862,
                2.366119643527707
            ],
            "\\#ORs": [
                4.0,
                1.558387444947959
            ],
            "\\#NOTs": [
                0.20689655172413793,
                0.4122508203948854
            ]
        },
        {
            "name": "#algo-name-short\\-no_variation",
            "Precision": [
                0.013786196530609852,
                0.011162170833732308
            ],
            "F1": [
                0.026891035120409995,
                0.02139659997735805
            ],
            "F3": [
                0.11319331845601409,
                0.08045010975146806
            ],
            "Recall": [
                0.8978772990947924,
                0.11729953106565041
            ],
            "\\#Ops": [
                23.517241379310345,
                8.227222624812494
            ],
            "\\#Rules": [
                2.413793103448276,
                0.6277648205743446
            ],
            "\\#ANDs": [
                5.068965517241379,
                1.5102278560998343
            ],
            "\\#ORs": [
                18.20689655172414,
                7.212980909170571
            ],
            "\\#NOTs": [
                0.2413793103448276,
                0.4354941703556926
            ]
        },
        {
            "name": "#algo-name-short\\-random_forest",
            "Precision": [
                0.01954746524133113,
                0.021931814158532893
            ],
            "F1": [
                0.036879504985293445,
                0.039879879409031885
            ],
            "F3": [
                0.13313756492933673,
                0.11692438431424214
            ],
            "Recall": [
                0.8423558506089139,
                0.1642591751212164
            ],
            "\\#Ops": [
                11.344827586206897,
                3.647659348021937
            ],
            "\\#Rules": [
                4.586206896551724,
                1.118584608822058
            ],
            "\\#ANDs": [
                5.379310344827586,
                2.1282755108881712
            ],
            "\\#ORs": [
                3.586206896551724,
                1.118584608822058
            ],
            "\\#NOTs": [
                2.3793103448275863,
                0.9416472308615167
            ]
        }
    ],
    "tar2019": [],
    "sr_updates": [],
    "sigir2017": []
}