{
    "ndcg": 0.37831705048616726,
    "ndcg@5": 0.09311534756241599,
    "ndcg@10": 0.10587357730981538,
    "ndcg@100": 0.18669231702457997,
    "map": 0.09129257826425007,
    "map@10": 0.03076061235167453,
    "map@100": 0.06729030082590774,
    "recall": 0.9247261204982721,
    "recall@10": 0.06641936093707297,
    "recall@50": 0.20747910884893278,
    "recall@100": 0.29759222144883385,
    "recall@1000": 0.7017059378806544,
    "precision": 0.0035789830508474573,
    "precision@10": 0.09728813559322033,
    "precision@50": 0.08522033898305084,
    "precision@100": 0.06972881355932205,
    "precision@1000": 0.02218983050847458,
    "f1": 0.007024971292117819,
    "f1@10": 0.05742356788947424,
    "f1@50": 0.09121523515898383,
    "f1@100": 0.08906833637884755,
    "r-precision": 0.1017208992642417,
    "mrr@100": 0.1796399779978146,
    "dataset_size": 503679,
    "last_rel": 41.960955631399344,
    "tnr@95": 0.9946257502349967,
    "tnr@90": 0.9953703456093893,
    "n_precision@95": 0.028637125275640777,
    "n_precision@80": 0.04866200967380774
}