{
    "ndcg": 0.4547069076380937,
    "ndcg@5": 0.19819069927039684,
    "ndcg@10": 0.20101585971124478,
    "ndcg@100": 0.27589689481890384,
    "map": 0.15251895924290138,
    "map@10": 0.07483214604566889,
    "map@100": 0.1267612429625509,
    "recall": 0.946677997712971,
    "recall@10": 0.12738152878723438,
    "recall@50": 0.29200452542177724,
    "recall@100": 0.39225271508105763,
    "recall@1000": 0.7454669301732774,
    "precision": 0.003756949152542373,
    "precision@10": 0.16440677966101694,
    "precision@50": 0.10522033898305085,
    "precision@100": 0.08081355932203389,
    "precision@1000": 0.023386440677966105,
    "f1": 0.007377554973078918,
    "f1@10": 0.10736782524065504,
    "f1@50": 0.11894293909409119,
    "f1@100": 0.10727374899509144,
    "r-precision": 0.1601809906811284,
    "mrr@100": 0.3320778708213964,
    "dataset_size": 503679,
    "last_rel": 37.72003424657535,
    "tnr@95": 0.9958925278594041,
    "tnr@90": 0.996253143252101,
    "n_precision@95": 0.05291763800080253,
    "n_precision@80": 0.084876512414735
}