{
    "ndcg": 0.3780733525147948,
    "ndcg@5": 0.09267058458779788,
    "ndcg@10": 0.10555495417598716,
    "ndcg@100": 0.18627294728461974,
    "map": 0.09119256694123051,
    "map@10": 0.030704787761951638,
    "map@100": 0.06719592640336354,
    "recall": 0.9245646999978684,
    "recall@10": 0.0662579404366694,
    "recall@50": 0.20731768834852923,
    "recall@100": 0.29694653944721966,
    "recall@1000": 0.7015445173802508,
    "precision": 0.0035786440677966097,
    "precision@10": 0.09694915254237288,
    "precision@50": 0.08515254237288135,
    "precision@100": 0.06959322033898306,
    "precision@1000": 0.022186440677966105,
    "f1": 0.007024294746761373,
    "f1@10": 0.05720486914699201,
    "f1@50": 0.09111974697564651,
    "f1@100": 0.08884421535349386,
    "r-precision": 0.10155947876383815,
    "mrr@100": 0.17907100015729255,
    "dataset_size": 503679,
    "last_rel": 41.78006825938569,
    "tnr@95": 0.9946253011376859,
    "tnr@90": 0.9953710539767602,
    "n_precision@95": 0.028625400023944852,
    "n_precision@80": 0.04864075027793382
}