{
    "ndcg": 0.1561403954994756,
    "ndcg@5": 0.0506963624304643,
    "ndcg@10": 0.04519849300533065,
    "ndcg@100": 0.059886240686241425,
    "map": 0.022404317438019045,
    "map@10": 0.008448422634225853,
    "map@100": 0.015864180831448922,
    "recall": 0.42967445708410795,
    "recall@10": 0.01590684314628116,
    "recall@50": 0.06173819110270656,
    "recall@100": 0.08842484033052946,
    "recall@1000": 0.24540357706508975,
    "precision": 0.001664406779661017,
    "precision@10": 0.03762711864406779,
    "precision@50": 0.027864406779661018,
    "precision@100": 0.02332203389830509,
    "precision@1000": 0.008369491525423729,
    "f1": 0.00327466381759425,
    "f1@10": 0.01704278677244894,
    "f1@50": 0.027060256321539324,
    "f1@100": 0.027326391440738146,
    "r-precision": 0.030979123506817315,
    "mrr@100": 0.11054720483033503,
    "dataset_size": 503679,
    "last_rel": 56.34157657657659,
    "tnr@95": 0.9949921933836342,
    "tnr@90": 0.995271807996717,
    "n_precision@95": 0.011176054323654412,
    "n_precision@80": 0.02136561344080856
}