{
    "ndcg": 0.1736876427316303,
    "ndcg@5": 0.006784408083735431,
    "ndcg@10": 0.007904975364981052,
    "ndcg@100": 0.011943438439521616,
    "map": 0.0069365949663799465,
    "map@10": 0.0003645171059478692,
    "map@100": 0.001496429840029193,
    "recall": 0.6743430618755998,
    "recall@10": 0.0011930656201420806,
    "recall@50": 0.007489198196366165,
    "recall@100": 0.014398788599598268,
    "recall@1000": 0.12379880427608017,
    "precision": 0.002536271186440678,
    "precision@10": 0.009152542372881357,
    "precision@50": 0.008813559322033896,
    "precision@100": 0.008576271186440679,
    "precision@1000": 0.005942372881355932,
    "f1": 0.004977548431499588,
    "f1@10": 0.0017539358241807192,
    "f1@50": 0.0055190212868166276,
    "f1@100": 0.0073041843334646535,
    "r-precision": 0.008036004368382227,
    "mrr@100": 0.015556272907368232,
    "dataset_size": 503679,
    "last_rel": 69.24909090909085,
    "tnr@95": 0.9908528299473836,
    "tnr@90": 0.9909801717977462,
    "n_precision@95": 0.002996209274193361,
    "n_precision@80": 0.006624186983294483
}