{
    "ndcg": 0.524987747880105,
    "ndcg@5": 0.2900946098937692,
    "ndcg@10": 0.2969116707786742,
    "ndcg@100": 0.3760849845803888,
    "map": 0.23255153285616914,
    "map@10": 0.13010050272711454,
    "map@100": 0.20439667228778088,
    "recall": 0.936717709352166,
    "recall@10": 0.20970257064386852,
    "recall@50": 0.4041331782464675,
    "recall@100": 0.5071375105037567,
    "recall@1000": 0.787447161088081,
    "precision": 0.003928093230989207,
    "precision@10": 0.23322033898305083,
    "precision@50": 0.14061016949152544,
    "precision@100": 0.10389830508474576,
    "precision@1000": 0.026227118644067796,
    "f1": 0.007709197395612775,
    "f1@10": 0.1633722913546698,
    "f1@50": 0.15800432507461515,
    "f1@100": 0.1361068466791465,
    "r-precision": 0.23596532847418414,
    "mrr@100": 0.4269462191987888,
    "dataset_size": 503679,
    "last_rel": 29.52800747167919,
    "tnr@95": 0.997027861241171,
    "tnr@90": 0.9972795547240592,
    "n_precision@95": 0.13036898582745274,
    "n_precision@80": 0.1619168625295846
}