{
    "ndcg": 0.4527351629864921,
    "ndcg@5": 0.24241048600040999,
    "ndcg@10": 0.24442854578773482,
    "ndcg@100": 0.29450405590571166,
    "map": 0.17496228320448665,
    "map@10": 0.09552746017808535,
    "map@100": 0.15182791457494202,
    "recall": 0.9098503965969539,
    "recall@10": 0.16018059527407763,
    "recall@50": 0.3273172758822983,
    "recall@100": 0.3969270205238309,
    "recall@1000": 0.7154725527468122,
    "precision": 0.003383050847457627,
    "precision@10": 0.19322033898305088,
    "precision@50": 0.12311864406779661,
    "precision@100": 0.08800000000000001,
    "precision@1000": 0.02243728813559322,
    "f1": 0.006648733497488665,
    "f1@10": 0.11854539157539953,
    "f1@50": 0.12997476901000934,
    "f1@100": 0.1107833212033153,
    "r-precision": 0.18374111455511966,
    "mrr@100": 0.34602486589635334,
    "dataset_size": 503679,
    "last_rel": 40.01051546391749,
    "tnr@95": 0.9961586586377795,
    "tnr@90": 0.9963893083331162,
    "n_precision@95": 0.102573967599632,
    "n_precision@80": 0.1160776287358806
}