{
    "ndcg": 0.5550824571599933,
    "ndcg@5": 0.2976498559195739,
    "ndcg@10": 0.30419385321411074,
    "ndcg@100": 0.4024582067788784,
    "map": 0.24718910363135368,
    "map@10": 0.1304380823283474,
    "map@100": 0.21839158965879638,
    "recall": 0.976331994543977,
    "recall@10": 0.21356010391397082,
    "recall@50": 0.4636502437850179,
    "recall@100": 0.5567534818790921,
    "recall@1000": 0.8492438679144864,
    "precision": 0.003948474576271187,
    "precision@10": 0.23796610169491528,
    "precision@50": 0.1496271186440678,
    "precision@100": 0.10613559322033898,
    "precision@1000": 0.025884745762711863,
    "f1": 0.007748822606907093,
    "f1@10": 0.16938781331138725,
    "f1@50": 0.17732027461747957,
    "f1@100": 0.14547541144571213,
    "r-precision": 0.24076159472378805,
    "mrr@100": 0.45255961721012705,
    "dataset_size": 503679,
    "last_rel": 24.13296928327647,
    "tnr@95": 0.9971762904527134,
    "tnr@90": 0.9976416765264986,
    "n_precision@95": 0.11510626632598175,
    "n_precision@80": 0.15849487414182928
}