{
    "ndcg": 0.35363445036951213,
    "ndcg@5": 0.11467236168363597,
    "ndcg@10": 0.12437307708377962,
    "ndcg@100": 0.1796677046945698,
    "map": 0.08293696169310867,
    "map@10": 0.03980247366149622,
    "map@100": 0.0668600425330956,
    "recall": 0.8633480520053459,
    "recall@10": 0.08876407932646134,
    "recall@50": 0.21967470528091526,
    "recall@100": 0.286752076455875,
    "recall@1000": 0.6032544372627804,
    "precision": 0.003266779661016949,
    "precision@10": 0.10677966101694915,
    "precision@50": 0.06976271186440679,
    "precision@100": 0.05332203389830509,
    "precision@1000": 0.0170271186440678,
    "f1": 0.006413079020268704,
    "f1@10": 0.07128404018341596,
    "f1@50": 0.07919612856856793,
    "f1@100": 0.0702878944098009,
    "r-precision": 0.09752968834159903,
    "mrr@100": 0.20606663513616033,
    "dataset_size": 503679,
    "last_rel": 51.31648275862067,
    "tnr@95": 0.9943993844363385,
    "tnr@90": 0.9943505627743553,
    "n_precision@95": 0.029903634657675184,
    "n_precision@80": 0.041835024875441516
}