{
    "ndcg": 0.35405381230321054,
    "ndcg@5": 0.11534735487822638,
    "ndcg@10": 0.12504307529889694,
    "ndcg@100": 0.18001027390672117,
    "map": 0.08315649465606793,
    "map@10": 0.040113134042900886,
    "map@100": 0.06706212533821025,
    "recall": 0.8634327977680578,
    "recall@10": 0.08935431689532823,
    "recall@50": 0.21781836952627442,
    "recall@100": 0.28682576842345053,
    "recall@1000": 0.6033281292303558,
    "precision": 0.0032671186440677968,
    "precision@10": 0.1071186440677966,
    "precision@50": 0.06962711864406779,
    "precision@100": 0.05335593220338983,
    "precision@1000": 0.017030508474576274,
    "f1": 0.006413754285310234,
    "f1@10": 0.07163838421736635,
    "f1@50": 0.07897026228875083,
    "f1@100": 0.07033433044416357,
    "r-precision": 0.0983690749436975,
    "mrr@100": 0.20722685721163667,
    "dataset_size": 503679,
    "last_rel": 51.17289655172411,
    "tnr@95": 0.9944130005697084,
    "tnr@90": 0.9943614052885896,
    "n_precision@95": 0.02988030671590506,
    "n_precision@80": 0.041725788841266855
}