{
    "ndcg": 0.6091323800196893,
    "ndcg@5": 0.3700774173803898,
    "ndcg@10": 0.3866503350597776,
    "ndcg@100": 0.48567382114549357,
    "map": 0.31187335527542415,
    "map@10": 0.16625552667319254,
    "map@100": 0.2804703254205921,
    "recall": 0.9722678204240067,
    "recall@10": 0.2662657299206265,
    "recall@50": 0.5387677128805313,
    "recall@100": 0.6437898371993929,
    "recall@1000": 0.8882068709009033,
    "precision": 0.003971186440677966,
    "precision@10": 0.315593220338983,
    "precision@50": 0.1928135593220339,
    "precision@100": 0.13535593220338982,
    "precision@1000": 0.028999999999999998,
    "f1": 0.00779082863301672,
    "f1@10": 0.2148863691250943,
    "f1@50": 0.21906357861270295,
    "f1@100": 0.17845931277200563,
    "r-precision": 0.31969494972888607,
    "mrr@100": 0.5170355963625167,
    "dataset_size": 503679,
    "last_rel": 22.171575342465772,
    "tnr@95": 0.9974869756042989,
    "tnr@90": 0.9981247554214537,
    "n_precision@95": 0.14332793626839332,
    "n_precision@80": 0.2078344477911093
}