{
    "ndcg": 0.5563629602495545,
    "ndcg@5": 0.28615224220903784,
    "ndcg@10": 0.2996642074712578,
    "ndcg@100": 0.4080420955596235,
    "map": 0.25329736089859395,
    "map@10": 0.13304119154340446,
    "map@100": 0.22253010278173627,
    "recall": 0.9792950689525642,
    "recall@10": 0.22871665039954647,
    "recall@50": 0.4597591461300191,
    "recall@100": 0.5719800019096467,
    "recall@1000": 0.8607007394808875,
    "precision": 0.003976949152542373,
    "precision@10": 0.236271186440678,
    "precision@50": 0.15213559322033898,
    "precision@100": 0.11189830508474578,
    "precision@1000": 0.02710169491525424,
    "f1": 0.00780462955557456,
    "f1@10": 0.17377391828801508,
    "f1@50": 0.17903226054383015,
    "f1@100": 0.15270915305804844,
    "r-precision": 0.25651450657385,
    "mrr@100": 0.4189854915684504,
    "dataset_size": 503679,
    "last_rel": 22.9572696245734,
    "tnr@95": 0.9971024881397488,
    "tnr@90": 0.9978294562360656,
    "n_precision@95": 0.12704511956229184,
    "n_precision@80": 0.17907353843166743
}