{
    "ndcg": 0.6091381960833444,
    "ndcg@5": 0.3700774173803898,
    "ndcg@10": 0.38662695239691053,
    "ndcg@100": 0.4858357117844466,
    "map": 0.31189392839217256,
    "map@10": 0.166250863414292,
    "map@100": 0.28051156823556295,
    "recall": 0.9722678204240067,
    "recall@10": 0.2662657299206265,
    "recall@50": 0.5404626281347685,
    "recall@100": 0.6444678033010878,
    "recall@1000": 0.8882068709009033,
    "precision": 0.003971186440677966,
    "precision@10": 0.315593220338983,
    "precision@50": 0.19288135593220337,
    "precision@100": 0.13538983050847456,
    "precision@1000": 0.028999999999999998,
    "f1": 0.00779082863301672,
    "f1@10": 0.2148863691250943,
    "f1@50": 0.2191939567091828,
    "f1@100": 0.17852388097216706,
    "r-precision": 0.31969494972888607,
    "mrr@100": 0.516927982695581,
    "dataset_size": 503679,
    "last_rel": 22.168321917808235,
    "tnr@95": 0.9974877154169347,
    "tnr@90": 0.9981254028378632,
    "n_precision@95": 0.1436844729430962,
    "n_precision@80": 0.20768805710632354
}