{
    "ndcg": 0.5426747855845306,
    "ndcg@5": 0.278000526412682,
    "ndcg@10": 0.292140897911535,
    "ndcg@100": 0.3900680068212288,
    "map": 0.2420824946909076,
    "map@10": 0.13045155838558495,
    "map@100": 0.2120971296898642,
    "recall": 0.9646931918880879,
    "recall@10": 0.2185762805675264,
    "recall@50": 0.43674696983123185,
    "recall@100": 0.5461144527511401,
    "recall@1000": 0.8459782722259659,
    "precision": 0.003888813559322034,
    "precision@10": 0.22983050847457626,
    "precision@50": 0.1418305084745763,
    "precision@100": 0.10572881355932204,
    "precision@1000": 0.02705762711864407,
    "f1": 0.007634248511489468,
    "f1@10": 0.1660878266854156,
    "f1@50": 0.16746518754111334,
    "f1@100": 0.14277544164384431,
    "r-precision": 0.24084127734985963,
    "mrr@100": 0.41096913490735726,
    "dataset_size": 503679,
    "last_rel": 26.81088737201365,
    "tnr@95": 0.9971284076498291,
    "tnr@90": 0.9975554184322649,
    "n_precision@95": 0.12744268310400975,
    "n_precision@80": 0.17239577736791867
}