{
    "ndcg": 0.6069976360091899,
    "ndcg@5": 0.3663899217174007,
    "ndcg@10": 0.3812159732218184,
    "ndcg@100": 0.4819151567037483,
    "map": 0.3131521191487489,
    "map@10": 0.17776116648520843,
    "map@100": 0.2824881566177654,
    "recall": 0.967917683261702,
    "recall@10": 0.2752203908608112,
    "recall@50": 0.5389327609818316,
    "recall@100": 0.6420004207693643,
    "recall@1000": 0.8745707582507921,
    "precision": 0.0038803389830508474,
    "precision@10": 0.2986440677966101,
    "precision@50": 0.1823050847457627,
    "precision@100": 0.12945762711864406,
    "precision@1000": 0.02849491525423729,
    "f1": 0.007615673481794907,
    "f1@10": 0.2124481555617587,
    "f1@50": 0.2095164556672433,
    "f1@100": 0.17191738611725055,
    "r-precision": 0.3095584255810172,
    "mrr@100": 0.4993850989728204,
    "dataset_size": 503679,
    "last_rel": 25.775870307167224,
    "tnr@95": 0.9973724929683,
    "tnr@90": 0.997811884278649,
    "n_precision@95": 0.16026948091657395,
    "n_precision@80": 0.21346097302129205
}