{
    "ndcg": 0.6069392676745804,
    "ndcg@5": 0.36602485959971176,
    "ndcg@10": 0.38152663473761034,
    "ndcg@100": 0.4820189550241819,
    "map": 0.31312279387890996,
    "map@10": 0.1777885407117352,
    "map@100": 0.2824560355527026,
    "recall": 0.9677702993265507,
    "recall@10": 0.2758983569625061,
    "recall@50": 0.5395259813208148,
    "recall@100": 0.6425936411083474,
    "recall@1000": 0.8745707582507921,
    "precision": 0.003879661016949153,
    "precision@10": 0.29898305084745763,
    "precision@50": 0.1823050847457627,
    "precision@100": 0.12945762711864406,
    "precision@1000": 0.02849491525423729,
    "f1": 0.0076143237583195045,
    "f1@10": 0.21290013296288865,
    "f1@50": 0.20956439266433288,
    "f1@100": 0.1719335281672909,
    "r-precision": 0.3089652052420342,
    "mrr@100": 0.4992933115332069,
    "dataset_size": 503679,
    "last_rel": 25.74215017064846,
    "tnr@95": 0.9974398622304739,
    "tnr@90": 0.9978106167230028,
    "n_precision@95": 0.16095713868393552,
    "n_precision@80": 0.213275348743381
}