{
    "ndcg": 0.2656088351085322,
    "ndcg@5": 0.09173312946052192,
    "ndcg@10": 0.08771957869659174,
    "ndcg@100": 0.1150127927801029,
    "map": 0.050444238494323085,
    "map@10": 0.025349687680898247,
    "map@100": 0.04061609884300518,
    "recall": 0.7198358251090458,
    "recall@10": 0.043217985681575206,
    "recall@50": 0.12042014715614253,
    "recall@100": 0.16637150850062993,
    "recall@1000": 0.40903091737737757,
    "precision": 0.0025288135593220344,
    "precision@10": 0.07220338983050846,
    "precision@50": 0.04779661016949152,
    "precision@100": 0.03772881355932203,
    "precision@1000": 0.012315254237288135,
    "f1": 0.004972056510305049,
    "f1@10": 0.03834132492242177,
    "f1@50": 0.049210340536873606,
    "f1@100": 0.04684808286315592,
    "r-precision": 0.0634477452491032,
    "mrr@100": 0.16580415496661005,
    "dataset_size": 503679,
    "last_rel": 59.9380139372822,
    "tnr@95": 0.9935419796627069,
    "tnr@90": 0.993634056661866,
    "n_precision@95": 0.02473830138352876,
    "n_precision@80": 0.026230451351540094
}