{
    "ndcg": 0.24115470816570395,
    "ndcg@5": 0.0772632589718954,
    "ndcg@10": 0.07513124215330515,
    "ndcg@100": 0.08920908304120513,
    "map": 0.03915185209563809,
    "map@10": 0.018669405123654934,
    "map@100": 0.028924204323156857,
    "recall": 0.6764870625072086,
    "recall@10": 0.039033864955917846,
    "recall@50": 0.08189413662475915,
    "recall@100": 0.11741671144502223,
    "recall@1000": 0.33334723449174414,
    "precision": 0.0027186440677966104,
    "precision@10": 0.06305084745762712,
    "precision@50": 0.038847457627118644,
    "precision@100": 0.03267796610169492,
    "precision@1000": 0.011833898305084745,
    "f1": 0.005335164082415389,
    "f1@10": 0.03363269773143684,
    "f1@50": 0.03716544822646718,
    "f1@100": 0.03835093751488942,
    "r-precision": 0.05184855002840435,
    "mrr@100": 0.15349608227446218,
    "dataset_size": 503679,
    "last_rel": 64.83447272727277,
    "tnr@95": 0.9918086417192283,
    "tnr@90": 0.9918339805286933,
    "n_precision@95": 0.014435392190830598,
    "n_precision@80": 0.0186156791905826
}