{
    "ndcg": 0.2651633021444565,
    "ndcg@5": 0.09173312946052192,
    "ndcg@10": 0.08790484561576818,
    "ndcg@100": 0.1148515793616344,
    "map": 0.0502990246239756,
    "map@10": 0.025375245926795475,
    "map@100": 0.04049499933829692,
    "recall": 0.7185121770057366,
    "recall@10": 0.04337940618197876,
    "recall@50": 0.11977446515452833,
    "recall@100": 0.16637150850062993,
    "recall@1000": 0.40917830131252864,
    "precision": 0.002527118644067797,
    "precision@10": 0.07254237288135593,
    "precision@50": 0.047525423728813555,
    "precision@100": 0.03772881355932203,
    "precision@1000": 0.012322033898305084,
    "f1": 0.004968672701591213,
    "f1@10": 0.038560023664904,
    "f1@50": 0.04882838780352436,
    "f1@100": 0.04684808286315592,
    "r-precision": 0.06328632474869963,
    "mrr@100": 0.16557144041186161,
    "dataset_size": 503679,
    "last_rel": 59.71745644599307,
    "tnr@95": 0.9935419796627069,
    "tnr@90": 0.9937656600091286,
    "n_precision@95": 0.02473830138352877,
    "n_precision@80": 0.026581983254042547
}